﻿<?xml version="1.0" encoding="utf-8"?>
<Configuration xmlns:xsd="http://www.w3.org/2001/XMLSchema" xmlns:xsi="http://www.w3.org/2001/XMLSchema-instance">
  <PathToModHost>..\Host\EmpyrionModHost.exe</PathToModHost>
  <AutostartModHost>true</AutostartModHost>
  <AutostartModHostAfterNSeconds>10</AutostartModHostAfterNSeconds>
  <AutoshutdownModHost>true</AutoshutdownModHost>
  <EmpyrionToModPipeName>EmpyrionToModPipe{0}</EmpyrionToModPipeName>
  <ModToEmpyrionPipeName>ModToEmpyrionPipe{0}</ModToEmpyrionPipeName>
  <HostProcessId>0</HostProcessId>
  <WithShellWindow>false</WithShellWindow>
  <GlobalStructureListUpdateIntervallInSeconds>30</GlobalStructureListUpdateIntervallInSeconds>
</Configuration>